PLATFORM,PRACTICE,YEAR-MONTH,TRAIN/TEST,HORIZON,ACTUAL,Value_1_Year_Expected_Inflation_mom_abs,Value_2_Year_Expected_Inflation,30Y Interest Rate and Bond Yield__regressor,Accenture__regressor_mom_pct,Adobe__regressor,Amazon__regressor_mom_abs,Anaplan__regressor_ma3,Average Deal Value Series__regressor_ma3,Consumer Price Index__regressor,CyberArk__regressor_ma3,FTI Consulting__regressor,Fiserv__regressor_ma3,Genpact__regressor_ma3,Globant__regressor_mom_pct,Google__regressor_ma3,Value_Gross_Domestic_Product_Research_and_Development_ma3,Value_Harmonized_Index_of_Consumer_Prices_All_Items_for_United_States,Huron Consulting__regressor_ma3,IBM__regressor_mom_abs,Value_Imports_of_Goods_and_Services,Industrial_Sector__regressor_ma3,Infosys__regressor_mom_pct,Interest Rate Long Term__regressor,Market Capitalized of S&P 500 Stocks__regressor_ma3,Marsh & McLennan__regressor,Nominal GDP Growth__regressor_ma3,Oracle__regressor,Pharmaceuticals_Sector__regressor_ma3,Value_Real_Gross_Domestic_Product_Research_and_Development_ma3,Retail_Sector__regressor_ma3,S&P 500 Dividends__regressor_ma3,S&P 500 Dividends/Share__regressor_ma3,S&P 500 Equity Risk __regressor_ma3,S&P 500 Index Value__regressor_ma3,S&P 500 Price Per Share__regressor_ma3,S&P 500 Price Per Share J__regressor_ma3,S&P500 Dividends__regressor,SAP__regressor_mom_abs,Salesforce__regressor_mom_pct,Value_US_Real_GDP_ma3,Workday__regressor_ma3,Workiva__regressor,Zuora__regressor_ma3,nCino__regressor
"Cyber, Risk & Reg",All Practice,2021-10-01,TRAIN,6,164296903.651363,0.240879269999999,1.55547772,2.09565842293906,0.0133600323229337,3875.06595441595,-4496.68003663004,127.557758920092,270.114831800244,268.515491242815,123.944711992945,684.548554253154,3787.68513091846,948.463761375661,0.0487156113678803,55995.6957264957,812.227666666666,110.71,202.038676597476,3209.00934065934,3340.114,23271.5364247202,0.0103413245146628,1.56259761226427,35358.25000601,5043.31149776149,12.2743751913462,10136.6248473748,6472.56612914147,728.761,35300.427086266,494.866982622433,14.6296737213403,2.64159031297179,4071.98528892652,3981.47163365422,4181.25765113324,58.4068163077964,-314.225702075701,0.0106387584998868,21168.5876666666,1161.55457811694,103.744125925925,80.0852460181793,62.2892809930809
"Cyber, Risk & Reg",All Practice,2021-11-01,TRAIN,6,159003381.81,0.11348998,1.60378084,2.0242490461325,0.0287575855615693,3881.15384615384,371.767948717955,130.812869217202,275.827951278186,269.988903590436,117.454219664903,694.864681318681,3804.32833401166,952.248232010582,0.0440843002921418,56392.2188034188,819.630333333333,111.77,206.167053764753,896.573076923075,3340.114,23384.2895504076,0.0146159138842005,1.50432234432234,35987.9298700348,5060.51648351648,14.4033924161787,10474.0329670329,7248.43601360332,734.995,31370.4521278685,497.082167358306,14.6929805996472,2.61887749556838,4169.90138317704,4114.16977501656,4255.09661630893,59.0253741051638,26.5773504273502,0.0191014242616918,21278.7963333333,1180.79667337539,104.687,81.0141320173653,63.7735054945055
"Cyber, Risk & Reg",All Practice,2021-12-01,TRAIN,6,133345933.76,0.18698125,1.70412347,1.95285842293906,0.0315521643208864,3857.6923076923,1529.02197802197,134.890238570071,299.753446255181,271.418946074392,114.933092680776,703.313851648351,3862.45409713743,961.222493915343,0.0416837353957926,57695.3726495726,827.033,113.0,212.770539112739,346.895604395605,3340.114,23486.5344697275,0.0154316182766403,1.41382783882783,36345.8974511793,5038.3956043956,14.3383480236395,10856.7912087912,7260.47575510368,741.229,31634.7087228874,502.88028397291,14.8543562610229,2.65429498917366,4259.52303030238,4220.64267757351,4294.59146433547,59.7950206951351,107.58791208791,0.0207434333958722,21389.005,1204.83547068918,105.1445,82.5171515533848,65.1691318681318
"Cyber, Risk & Reg",All Practice,2022-01-01,TRAIN,6,154308061.739999,0.0179275299999996,1.72471671,1.74826951092611,0.0256382773348213,3844.76912288272,1104.44161028313,139.549015255665,347.229922438906,272.93178424436,115.781114940225,709.618930860163,3951.19209962548,974.186160989781,0.0402476442170895,59681.5191498543,833.192,113.6,220.715892285601,222.524721421634,3458.783,23555.6265578281,0.0159445277500345,1.35061526131652,36534.1392593042,4993.60980534192,12.5527704475391,11075.7960482715,7941.62472218614,744.757333333333,32646.886997723,511.421120335083,15.09167902224,2.73127122224365,4340.01793760814,4304.1836351794,4312.55992815378,60.4628942378564,98.4221213569053,0.0217298097022204,21449.8103333333,1232.30140760548,105.955357643758,84.4190854923477,66.5220073825193
"Cyber, Risk & Reg",All Practice,2022-02-01,TRAIN,6,158206873.71,0.38929647,1.87371462,1.64352063822407,0.00794049318039547,3869.78260869565,-414.421065610411,144.013753589794,373.091026015273,274.799765950819,117.270290923662,708.265826086956,4029.2325519268,986.630293494957,0.0401317546107833,61500.0163627863,839.351,113.81,225.921388065184,-224.046221660526,3458.783,23515.0986773248,0.0186147672896139,1.39521739130434,37010.7300692721,4866.04347826086,11.1940786955121,10705.6086956521,8192.31668376633,748.285666666666,39501.415300957,519.217267920176,15.3131386495692,2.77848554155035,4413.53753153527,4387.49494862604,4366.31815878574,60.7356566672449,66.8557095078831,0.0266045598508533,21510.6156666666,1258.81156782208,108.058652173913,86.0905210712616,67.742304347826
"Cyber, Risk & Reg",All Practice,2022-03-01,TRAIN,6,177916308.88,0.22172454,2.00717467,1.65678136200716,0.00387058532829276,3902.93478260869,-751.891304347824,148.07687215963,371.249801137376,276.719079191798,118.742433004407,705.196597826086,4086.58021875272,997.427189198891,0.0381347638423978,62942.7719369223,845.51,114.06,227.443926267923,-321.244565217391,3458.783,23349.1634760218,0.0185652771828572,1.4659420289855,37885.3778924656,4722.16304347826,10.8171591996331,10208.6576086956,8235.29350290575,751.814,38581.599030301,525.330833712722,15.4938684632338,2.77777069455349,4480.26416686868,4419.28012903225,4469.63797770806,60.903888156123,58.3478260869569,0.0265851243966825,21571.421,1283.18190215079,110.414445652173,87.3770963420053,68.9082663043478
"Cyber, Risk & Reg",All Practice,2022-04-01,TRAIN,6,158754585.749999,-0.82976958,1.61472482,1.77621123829344,0.0102734278835561,3940.71528751753,1029.58415147264,151.737164095371,351.241598152753,278.658323187633,120.722211722767,701.094387798036,4126.71669004207,1007.47855276998,0.0369967668806052,64223.0830995792,854.228999999999,115.12,226.594533017765,-48.9135694249635,3685.956,23092.8724609202,0.0187923636767359,1.54732585320243,38980.6410174079,4639.25315568022,11.2010388442154,9843.21283309958,9068.00879918428,757.8,37600.7935223551,530.076283030294,15.641695885928,2.73924489105963,4535.48039422051,4468.64448098046,4601.146678195,61.1648662294751,117.590462833099,0.0253436339396311,21701.0766666666,1305.43996809256,112.830962833099,88.3241004558204,70.1607471949509
"Cyber, Risk & Reg",All Practice,2022-05-01,TRAIN,6,155789845.95,0.625472949999999,1.9874101,1.78152616487455,0.0327095197081366,3994.91847826086,7350.78541374474,154.970376051893,373.464079113857,280.67548397823,125.063401940158,693.326853260869,4161.79277699859,1019.93387885694,0.0365762085065559,66091.9254908835,862.948,115.7,228.036201496026,917.397265077139,3685.956,22872.15977198,0.0204151821130327,1.67038043478261,39595.9163791839,4772.68478260869,11.4785636118597,9944.39130434782,9378.26804550591,763.786,30396.7673019075,534.65889728899,15.7864603786816,2.70272837716874,4560.41820838618,4515.32682926735,4676.4594576776,61.7884254815056,327.800841514726,0.0228034178989053,21830.7323333333,1325.56234852734,115.462945652173,89.0872634992987,71.7202228260869
"Cyber, Risk & Reg",All Practice,2022-06-01,TRAIN,6,169582942.43,0.14046811,2.04889372,1.69254908081859,0.0367413258209214,4052.93478260869,8818.47826086956,157.795484747545,390.483392684655,282.712575523684,132.206171867695,684.708282608695,4194.87973352033,1035.58606907433,0.0354870475951398,68730.8928821879,871.667,116.02,232.83795330762,1141.76086956521,3685.956,22714.3420342264,0.0204548720705568,1.80409420289855,39560.6791404278,4956.34782608695,11.4320476301419,10153.9130434782,9494.14744169207,769.772,29650.4511854481,539.417223241164,15.936750233754,2.67807499304987,4550.68588648186,4614.54203148726,4675.03448664323,62.5047313180102,376.608695652173,0.0218605669985394,21960.388,1343.69294635343,118.144956521739,89.7088667601683,73.3509782608695
"Cyber, Risk & Reg",All Practice,2022-07-01,TRAIN,6,135393309.069999,-0.378550129999999,1.89256809,1.7957630939993,0.0297790743200596,4110.69126538881,5998.81620695027,160.287194074333,372.660181396645,284.832847743672,140.571959130694,680.542140478416,4222.08223209183,1052.69880350631,0.0321550450467322,71651.3647304036,880.501666666666,117.14,240.165909959222,790.365373227363,3925.742,22644.9322375433,0.0170962806422447,1.97414679756895,38897.8931790675,5134.82376499922,11.1158650649742,10337.519775596,8779.15168267473,773.664,29769.3774443951,544.286055747007,16.0909567684795,2.66770564751694,4507.59147660909,4609.85949593402,4599.59749288647,63.2831466193758,236.475237649992,0.0185087448579277,21941.542,1360.51607475196,120.932558095683,90.2405514440808,75.9196260012466
"Cyber, Risk & Reg",All Practice,2022-08-01,TRAIN,6,184111176.59,0.385660349999999,2.14411316,1.98446812596006,0.00678791294236091,4161.51111111111,-4430.72538569424,162.626170523609,369.593392643986,287.037920240926,144.402675998649,692.290605555555,4229.24471196301,1064.65943539036,0.0207722059244295,73062.5576047997,889.336333333333,118.38,246.817570385954,-513.866339410937,3925.742,22751.2791804512,0.00497425224648373,2.2645,37739.3771751639,5276.62222222222,10.7562726836424,10411.85,7546.32251361771,777.556,34150.8968302223,548.836289545123,16.2372035478676,2.68069594394296,4438.76137572324,4549.14404008308,4465.66061956383,64.2134777063077,-275.418232819074,0.00642916141427329,21922.6959999999,1377.84041476806,123.796061111111,90.8442242299101,81.4806444444444
"Cyber, Risk & Reg",All Practice,2022-09-01,TRAIN,6,194665207.049999,0.43028,2.37197211,2.07175372875476,0.00178265733933646,4211.33333333333,-6872.84444444443,164.863018349696,374.654865776479,289.292778469347,142.35344653005,707.823666666666,4213.01765882291,1069.95308756428,0.0182557026225935,72546.6807932055,898.171,120.29,252.069683912524,-818.788888888888,3925.742,23054.8387124101,0.00230820390438557,2.589,36111.8422735261,5411.66666666666,10.4096695522287,10462.0,7430.585498399,781.448,35677.7945241175,552.975757541355,16.3730304399771,2.71953668324209,4345.74626830822,4464.17116654558,4276.37671316687,65.1941755394693,-395.955555555556,0.0037881506044799,21903.85,1396.15679641057,126.710333333333,91.5602483844995,87.7923333333333
"Cyber, Risk & Reg",All Practice,2022-10-01,TRAIN,6,192715084.53,0.33520458,2.67083134,2.39768136200716,0.00585768713397083,4261.10443630443,-5582.54147334148,166.895,410.870294179306,291.456574910171,136.15108389635,722.913687199837,4185.67178130511,1070.1870070818,0.0194398870354179,70599.0884818884,907.519,121.01,256.201366368199,-620.097232397232,4093.663,23494.0899469776,0.00421559964885487,2.88071672771672,34161.467894844,5516.9107041107,10.0777807402382,10582.5562271062,9099.55358880177,787.092333333333,35551.6782031401,556.564414661831,16.4942471849138,2.77873039247033,4235.75267409786,4353.11118346468,4049.04670915917,66.1725469214593,-312.47391127391,0.00567253141977741,21908.974,1416.18841353954,129.30641048026,92.432030375797,93.4943027269027
"Cyber, Risk & Reg",All Practice,2022-11-01,TRAIN,6,193989665.496,0.241754439999999,2.87671049,2.7457669094693,0.0210525372762648,4304.24175824175,224.966381766382,168.323,398.285296683314,292.915726023786,132.592136358703,734.307164835164,4194.87627865961,1071.69311074481,0.0224489804949914,69177.3875050875,916.867,122.53,260.299351207434,243.232763532761,4093.663,23826.187976645,0.0111631330579342,2.98824175824175,32534.7348318047,5491.08791208791,9.76980082351953,10965.0549450549,10457.8873383605,792.736666666666,35371.7313292987,559.000782101245,16.5826920363587,2.83377750517349,4140.78819019001,4236.72136236646,3860.1533842345,67.0012771188645,56.9720797720801,0.0123534384987238,21914.098,1440.56848159001,130.312736263736,93.6176710554877,96.0560109890109
"Cyber, Risk & Reg",All Practice,2022-12-01,TRAIN,6,157872831.179999,0.592055519999999,3.18112765,2.8847275985663,0.024163826771153,4345.80219780219,1605.43956043956,169.043,379.035200672436,294.190052133543,133.278539899606,744.821956043956,4251.9397707231,1075.93119865689,0.0227418434841066,68741.8307285307,926.215,124.45,264.596209571292,448.45054945055,4093.663,23992.9440390742,0.0126772842935494,3.04745421245421,31406.2789118627,5434.10989010989,9.48969511624028,11409.8186813186,10457.5716965503,798.381,36309.5211223339,560.107465367619,16.6329700176366,2.87819260127833,4069.54885502977,4058.50220751917,3730.34374080363,67.7907571694933,144.791208791209,0.0137789116640838,21919.222,1469.8547703568,130.94117032967,95.1523584791751,97.8712637362637
"Cyber, Risk & Reg",All Practice,2023-01-01,TRAIN,6,168141708.559999,-0.917435669999999,2.67646389,2.94285466527922,0.0163302402256244,4382.52679438373,1668.65408504537,169.159,354.538744226251,295.413197775528,137.446244226787,754.667567899141,4343.76744807319,1082.45498008723,0.02244786326749,69095.3182600475,931.961666666666,124.2,268.992918633026,276.788634927484,3988.447,24026.0621468398,0.0117483640858326,3.13722628937215,30788.4280160742,5350.15598847155,9.21217402909375,11747.4160411818,8126.06439914664,802.279,37691.2156046677,560.500918341294,16.6632161223535,2.90427962691793,4019.69497097741,4005.58384165799,3661.10102006633,68.3234422672073,134.686188986328,0.0120091739922623,21968.4093333333,1502.20937011492,131.532849005132,96.8986849508602,99.69845656027
"Cyber, Risk & Reg",All Practice,2023-02-01,TRAIN,6,170970122.769999,0.0678539499999999,2.6593637,2.79190183836281,-0.0095398161738216,4402.34782608695,1924.84376493071,169.159,324.573435756948,296.452192260463,141.890487577639,762.252173913043,4420.22293461564,1089.54328077205,0.0230644993753186,69394.4767247712,937.708333333333,123.88,273.307242569959,-340.084860441102,3988.447,24066.4114834801,0.0090465102333852,3.35039855072464,30615.9698207529,5167.17391304347,8.81855021285077,11702.6086956521,6837.68664156969,806.177,38265.3835691395,562.860420285648,16.7530353610858,2.88467881215783,3975.51207977999,3955.01985391374,3644.98049883111,67.840284880718,100.314288796757,0.00640072119081613,22017.5966666666,1531.77787146864,132.001173913043,98.3904982969345,101.598826086956
"Cyber, Risk & Reg",All Practice,2023-03-01,TRAIN,6,187492226.93,0.80201804,3.18169492,3.01888637992831,-0.0153251389113252,4417.92934782608,1945.03804347827,169.159,324.151755395359,297.424073793477,145.828137780697,769.172027173913,4469.33577105456,1096.73750083098,0.0223449561010677,69441.0824143715,943.455,123.93,277.469410172284,-473.744565217391,3988.447,24146.5346218365,0.00820926285160039,3.59019927536232,30865.3802772851,4965.27717391304,8.28295139973093,11571.6576086956,6878.15034976145,810.075,39118.4358470069,567.825590591159,16.9212783137853,2.8132816876936,3933.14867607483,3886.5854662196,3679.23231873484,67.1122672564655,90.505434782608,0.00499801115991394,22066.784,1557.04239852311,132.432152173913,99.5131870809765,103.478222826086
"Cyber, Risk & Reg",All Practice,2023-04-01,TRAIN,6,157704786.57496,-1.29719036999999,2.59486632,3.34334096427332,-0.0113891526141084,4436.28786816269,2946.9791374474,169.159,371.377282234531,298.38641703084,149.479755434782,774.715291374474,4497.12131837307,1103.39295523609,0.0221604693137094,69437.4323866292,949.786666666666,124.33,281.842959151472,-226.036290322579,3897.402,24178.7483370796,0.00804683680531459,3.77913510986442,31468.9222181363,4816.5136746143,7.66232881377493,11516.3025946704,8573.70774859403,814.143666666666,38731.1603796709,574.602775736091,17.14345371669,2.70103808323311,3897.39505321615,3825.11878452229,3755.63048587966,66.6117173648432,109.821002805048,0.00837540155261207,22127.6756666666,1578.47568776297,133.458889200561,100.328714878447,105.247526998597
"Cyber, Risk & Reg",All Practice,2023-05-01,TRAIN,6,170125130.04496,0.357089069999999,2.82678789,3.63844265232974,0.00346264856670242,4464.5,6502.16216690042,169.159,383.960327412939,299.311471493641,153.609217391304,775.374010869565,4524.80066619915,1107.18245523609,0.022734969322159,70102.4106474988,956.118333333333,123.91,287.696008064516,652.905855539971,3897.402,23851.2821145796,0.00764615349922337,3.76922101449275,32158.137397953,4856.28260869565,7.1830086128256,11729.1847826086,9395.74658446849,818.212333333333,35579.8573306649,580.048140621598,17.3224754558204,2.59142451882413,3887.19861165626,3852.73625650364,3841.55659145249,67.0004241404717,178.358345021038,0.0202777423224724,22188.5673333333,1597.64046493688,136.599554347826,101.052785530621,106.626190217391
"Cyber, Risk & Reg",All Practice,2023-06-01,TRAIN,6,173425334.038946,-0.37092921,2.53473811,3.33015019077349,0.00691753657076321,4495.0,7327.625,169.159,360.55133407169,300.226987660791,158.416972826086,774.898608695652,4557.4528401122,1107.61452407667,0.0224690774850921,71601.6081112669,962.45,123.13,295.349883064516,856.983695652174,3897.402,23092.5414604075,0.0075106076678284,3.70844202898551,32868.9369052246,4939.82608695652,6.89825955456495,12004.3478260869,9533.76359669137,822.281,32192.3174231522,583.409177588265,17.4351928471248,2.49472129464102,3907.12929737865,3927.75818651481,3929.24455547418,67.6165986487303,194.271739130434,0.0225991876564966,22249.459,1615.04088341514,140.23104347826,101.740609805984,107.914152173913
"Cyber, Risk & Reg",All Practice,2023-07-01,TRAIN,6,130532219.029999,-0.189103079999999,2.48974447,3.30441484564689,0.00597142288714813,4528.52329749104,4705.65107526883,169.159,284.962883466649,301.132382051935,163.311027041452,776.5398923952,4590.26612513635,1105.1953204353,0.015841268637365,73517.6001090852,968.991666666666,124.11,304.025706356812,557.651402524545,3874.21,22030.9683792757,0.00477071083796354,3.65389330424393,33614.2703219128,5066.08829671185,6.75300399350821,12240.5606825619,13796.1006619911,827.250999999999,34114.7854266745,584.702711712124,17.4826241493948,2.40991332109589,3953.388200568,3981.76993585,4020.359218596,68.1741372072865,122.056552906342,0.0172950712176378,22300.7843333333,1630.90709841177,143.64892649213,102.363134256662,109.266783941093
"Cyber, Risk & Reg",All Practice,2023-08-01,TRAIN,6,193055565.069999,-0.0659266400000002,2.36463437,3.30049731182795,0.00221038220841163,4569.05555555555,-4901.5177419355,169.158999999999,290.676765512363,301.899376518129,166.082587790244,785.368638888889,4605.5471637837,1101.83980127266,-0.0070279483138147,74335.1143602929,975.533333333333,124.7,310.710772741675,-541.26661991585,3874.21,21154.7744924737,-0.00503455748690206,3.62918518518518,34414.6691698883,5327.67777777777,6.53952396685661,12316.6833333333,15538.7186004879,832.221,40117.0999256798,584.012745378404,17.4690235052724,2.33588059744132,4009.03523047096,3983.48348537403,4117.74616220584,68.4459705499508,-141.758485273492,-0.00119498277044938,22352.1096666666,1645.52660738922,145.967144444444,102.800844763908,110.70295
"Cyber, Risk & Reg",All Practice,2023-09-01,TRAIN,6,174349932.67,-0.53983859,2.20357461,3.42145334720776,0.00137917712181079,4611.66666666666,-7160.63333333333,169.159,313.245004047625,302.641240746561,166.219334167056,795.947666666666,4599.16310581268,1097.97764668328,-0.0123819457685367,73699.8679834813,982.075,124.94,314.721093997714,-799.449999999998,3874.21,20575.0722708601,-0.00737255429689198,3.6117037037037,35279.0809336551,5623.33333333333,6.20323460462032,12357.0,15392.9069181145,837.191,40261.5853219787,581.349127110964,17.395155550361,2.2720659187012,4069.99793731043,4041.26363527015,4222.58143011084,68.6490667214658,-203.877777777776,-0.00538592702512008,22403.435,1659.0183730897,148.060333333333,103.026866503038,112.175
"Cyber, Risk & Reg",All Practice,2023-10-01,TRAIN,6,192436792.899999,0.5775817,2.38057256,3.25102186379928,0.00395998084736115,4657.45441595441,-5697.06727716726,169.159,302.048882033752,303.423061812632,164.582703947903,808.36524043549,4580.43117623117,1094.25651699905,-0.00762015698225526,72068.5901912901,987.583,125.629999999999,316.997070383937,-610.339010989011,3799.003,20266.4153373067,-0.00554458170842797,3.62606037172703,36129.1782165077,5872.74607244607,5.78667487722068,12475.6728327228,10664.4303560488,840.020666666666,37885.9191306195,577.363043256548,17.2793447971781,2.21803462742825,4136.61216909252,4088.39510971807,4325.18577496984,68.9768015075611,-167.482743182744,-0.00210364061356893,22448.7626666666,1672.89009396282,150.1293008954,103.172895238095,113.639695787545
"Cyber, Risk & Reg",All Practice,2023-11-01,TRAIN,6,180899589.13,0.00280600000000008,2.40776827,3.33610128338536,0.013574785418178,4709.84615384615,808.199145299149,169.159,262.988280592265,304.267182379336,164.54724008954,826.425065934065,4585.65266585266,1093.18202668566,0.0128441405860886,71235.8366503866,993.091,125.8,321.196697083163,213.965384615385,3799.003,20124.3905334741,0.00260767386541926,3.77684981684981,36626.5355677093,5907.64835164835,5.47641007263018,12887.8681318681,8750.17736093173,842.850333333333,31394.8349168655,574.896572773593,17.2017601410934,2.17198377027496,4209.62851889369,4159.20034558349,4383.77231292454,69.7999151843045,-2.37806267806172,0.0112447557774451,22494.0903333333,1692.86273502916,151.835406593406,103.747223809523,114.886109890109
"Cyber, Risk & Reg",All Practice,2023-12-01,TRAIN,6,142588685.659999,-1.28737603,1.60519629,3.48739749103942,0.0156515185986922,4763.80769230769,2354.53296703296,169.159,247.300304060139,305.127643798666,166.90484082214,845.826082417582,4623.40175010175,1095.36304805318,0.0174977696972227,71625.3183353683,998.599,126.15,328.163915642382,409.906593406591,3799.003,20127.5440048685,0.00454101199009682,3.9634249084249,36678.916299495,5891.56043956044,5.32231345848782,13369.8351648351,11690.5896195852,845.68,33825.4742766105,574.698401442116,17.1834955908289,2.13375938915564,4289.00255508922,4270.01677105253,4386.95846389368,70.7529643077753,36.868131868131,0.014258456520112,22539.418,1720.23914284357,153.455258241758,104.869009523809,116.080637362637
"Cyber, Risk & Reg",All Practice,2024-01-01,VALIDATION,6,176125985.03225,1.10805399,2.28785076,3.5225695456122,0.0103511091331252,4812.29118567267,2453.13506619608,169.159,272.073922432897,305.958306828469,171.2824221342,863.3849553504,4686.30753561538,1100.55634863523,0.0200170466613289,72985.2402401245,1002.00966666666,126.28,337.036614434186,288.987462047072,3843.132,20256.3120271365,0.00503489339632623,4.13469655636556,36447.8918641483,5847.98193671685,5.29199535869348,13676.7400705885,15237.8806171623,846.515666666666,35028.3895868966,577.050825361817,17.2348879719619,2.0985424803076,4368.54934580233,4400.27900686013,4354.53877328187,71.5176106727754,41.8538446126112,0.0122918604891173,22619.923,1753.09291853541,154.968157807129,106.376399752888,117.343221984186
"Cyber, Risk & Reg",All Practice,2024-02-01,VALIDATION,6,189772846.83225,0.1326524,2.40271904,3.73366701352757,-0.0077135623166642,4841.73913043478,2850.28705516079,169.159,324.354156675931,306.68369598514,176.174370533627,874.563173913043,4745.80681894075,1107.6272204301,0.0299545738415103,74286.1244573565,1005.42033333333,126.94,344.704292726908,-143.998689949603,3843.132,20424.0297484017,0.00694461242468169,4.24771739130434,36634.8425832028,5704.17391304347,5.22985802306648,13354.9565217391,14898.7042491727,847.351333333333,33505.6588470021,582.81257022524,17.3895692702249,2.04419138707053,4426.76490791164,4487.45841372798,4372.3803046665,71.5430922427747,60.5881047423818,0.00602588492094358,22700.428,1784.88970146263,156.118695652173,107.673782775662,118.872869565217
"Cyber, Risk & Reg",All Practice,2024-03-01,VALIDATION,6,177862258.229913,0.20546591,2.54236202,3.95352043010752,-0.0117385577867432,4866.27173913043,2884.23913043478,169.159,377.829211530292,307.368067546363,181.187836830011,884.067902173913,4794.8856332424,1116.23247684036,0.0307902385080158,75279.6953086067,1008.831,127.12,350.409120665274,-239.690217391304,3843.132,20608.6824954071,0.00719749717287077,4.34385869565217,37411.8219065479,5540.40217391304,5.09679335497109,12896.4619565217,14998.4459608549,848.187,32452.7488391597,592.105710685459,17.6533340885146,1.96570623481317,4458.09398461501,4448.95411444483,4461.59695171728,71.3827988154076,63.652173913043,0.00448743743869628,22780.933,1813.90923084629,157.163983695652,108.616832206304,120.433010869565
"Cyber, Risk & Reg",All Practice,2024-04-01,VALIDATION,6,181036489.774838,-0.0428611699999996,2.60366896,4.31442559833506,-0.00875450561110657,4895.98807854137,4006.02314165499,169.159,451.947756215805,308.098774066973,186.639097767648,893.742521037868,4833.98205937353,1125.67906287985,0.0284350153261401,76178.0112786348,1013.20133333333,126.97,353.891771563814,-32.8963884992972,3882.899,20662.4781666723,0.00509149206844972,4.4080224403927,38677.8241413526,5417.73001402524,4.90775190477285,12553.4288218793,15003.5342579499,850.457666666666,29955.0568463049,603.405842526024,17.9808461422382,1.87015085698666,4476.63929859969,4355.85449599183,4610.16184972612,71.2938574475487,96.4824684431987,0.00766578225610081,22840.822,1840.20044086021,158.537883239831,109.25132591164,121.810795932678
"Cyber, Risk & Reg",All Practice,2024-05-01,VALIDATION,6,190904015.688826,0.0216220299999996,2.62421294,4.43912329749103,0.00234909879506806,4944.09782608695,7986.44424964935,169.159,523.450724746024,309.010621319436,193.622510811126,904.019961956521,4864.43858111266,1133.45298135811,0.0226960643141034,77729.7341047218,1017.57166666666,126.49,354.211391129032,700.869214586253,3882.899,20059.9141522213,-0.00218759592718897,4.34717391304347,40030.550766295,5440.89130434782,4.72228963248404,12620.0869565217,15020.3336094542,852.728333333333,33938.8224559583,610.683799447723,18.1928425441499,1.7856981405939,4537.50953685316,4372.97878641076,4770.18469315577,71.4838580373301,212.974053295932,0.018869968808846,22900.711,1863.79384846891,161.07779347826,109.736434607293,122.541527173913
"Cyber, Risk & Reg",All Practice,2024-06-01,VALIDATION,6,175474125.782978,0.30046929,2.69962397,4.02748525841137,0.00493356027189051,4996.47826086956,8910.64130434783,169.159,545.500353261864,309.968803531287,202.426530738662,914.437369565217,4886.82807386629,1139.03808280738,0.0210679454239179,80113.3554815334,1021.942,126.16,351.175016129032,871.239130434785,3882.899,18680.3224819785,-0.0038801961956727,4.25434782608695,41376.4254794551,5497.91304347826,4.55424843629323,12781.8695652173,17266.629103854,854.999,32962.6697696634,612.484875799633,18.2460133593216,1.71885420598128,4654.83156658058,4518.66146119011,4930.51139861727,71.7452106866198,240.021739130434,0.0210870496969577,22960.6,1884.87288470079,163.888434782608,110.113135694249,123.12202173913
"Cyber, Risk & Reg",All Practice,2024-07-01,TEST,6,176599047.480355,-0.67303243,2.32466027,3.72868713146028,0.00243459310312177,5048.32719664627,5735.49895195968,169.159,504.984318591729,310.903646372649,212.082138903873,923.327790989165,4901.11971035042,1142.33329003809,0.0160754345552933,82873.602618688,1027.575,126.92,346.110812730864,541.230877117268,3966.989,16902.014386887,-0.0045402562108523,4.19177822644863,42681.7681304493,5602.59095602854,4.41490291287489,12937.3392876408,27148.1262977536,857.975333333333,50271.8725561928,610.072903890028,18.1768084633918,1.66759778544374,4815.08914318052,4719.48462571781,5086.80455668228,72.1084248658889,172.637501348583,0.0160903621290751,22991.5816666666,1904.25948168177,166.784342100396,110.36750974061,123.878114756561
"Cyber, Risk & Reg",All Practice,2024-08-01,TEST,6,217494263.366685,0.00969547999999997,2.31919388,3.89870522803114,-0.00655208550868413,5093.64835164835,-6048.8238444585,169.159,421.305887628376,311.65820566556,218.891235336426,926.002010989011,4906.90383202585,1142.92125800671,-0.00151814326129495,84326.3618757353,1033.20799999999,127.49,343.857002052412,-678.658970762757,3966.989,16110.3584334282,-0.00645253342922613,4.25340659340659,43775.7550350239,5867.06593406593,4.35173591133867,13056.4835164835,30062.6626719406,860.951666666666,53928.1832167016,608.472781299806,18.1301525434072,1.62549794875462,4960.30668951905,4899.58034211648,5217.42081707659,72.8350826483031,-82.0120832883822,-0.00151660925616259,23022.5633333333,1924.28255121911,169.723703296703,110.445058315223,125.189857142857
"Cyber, Risk & Reg",All Practice,2024-09-01,TEST,6,209827536.270999,-0.346114709999999,2.20217326,3.92959035726673,-0.00870919526500513,5137.82417582417,-8785.05494505493,169.159,395.657364074827,312.373717682871,222.007917610673,927.277505494505,4904.08937112443,1140.70309978088,-0.0054963565251882,84082.1971202009,1038.841,127.99,345.536094901592,-962.307692307689,3966.989,16626.6258663066,-0.00697848301071701,4.34681318681318,44617.3889783068,6170.03296703296,4.37684508912458,13168.2417582417,30141.9077118429,863.928,54120.8862134307,608.968426699088,18.1430728234849,1.59080247275986,5076.01837727232,5046.9509452442,5317.14500770796,73.6593174910362,-140.76923076923,-0.00549775508334093,23053.545,1945.53530428489,172.695351648351,110.333089848907,126.638428571428
"Cyber, Risk & Reg",All Practice,2024-10-01,TEST,6,238037580.4,0.622153539999999,2.5575281,4.03220286738351,-0.00491659283026013,5182.326007326,-7096.33699633702,169.159,384.917569102343,313.03650495981,222.151476190476,929.555005494505,4899.18681318681,1137.33181318681,-0.00296426837959873,82625.8101343101,1040.70166666666,128.18,350.454955433455,-730.434065934066,4061.192,18130.4007908711,-0.00399580898200491,4.40034798534798,45264.0861410033,6409.41941391941,4.4596206197109,13321.0128205128,30446.8267018731,863.956666666666,48176.2318184525,611.40826341732,18.2095401695568,1.56500319904917,5167.24419776119,5126.12287722092,5392.33804556361,74.3174951293833,-103.67216117216,-0.00341221513188783,23110.332,1968.32023382173,175.295838827838,110.191566544566,128.106571428571
"Cyber, Risk & Reg",All Practice,2024-11-01,TEST,6,204041153.449999,0.23130076,2.72587001,4.20383107873742,0.010444030843093,5225.26373626373,-99.8827838827855,169.159,442.625159170116,313.427316624316,222.168311355311,935.571604395604,4917.15018315018,1139.13864468864,0.00717758373384658,81834.7222222222,1042.56233333333,128.26,355.914526862026,214.730769230769,4061.192,19380.8572964462,0.00804127834886592,4.27959706959706,45972.5788001258,6387.15384615384,4.46944620887891,13623.0439560439,30358.0488172599,863.985333333333,44624.030017351,615.109756638839,18.3029024993742,1.55382192329934,5257.06649040047,5189.48203909333,5471.58306124017,74.2192961085812,46.7051282051279,0.00502318485368302,23167.119,1993.99854884004,176.29245054945,110.632727716727,129.557285714285
"Cyber, Risk & Reg",All Practice,2024-12-01,TEST,6,172204312.02,-0.20982743,2.5857724,4.08322473118279,0.0139553509228902,5267.82967032967,1563.2087912088,169.159,427.330114572461,313.746790423267,222.708509157509,942.477005494505,4963.87545787545,1147.62026556776,0.00952210107746265,82147.376068376,1044.423,128.48,361.288554334554,439.401098901098,4061.192,20088.2500654682,0.0108193622421042,4.11313186813187,46806.3681092574,6302.6923076923,4.3724936146122,13960.5549450549,24882.9130083827,864.014,46805.0057002132,619.904417946081,18.4164719741721,1.55890058250153,5351.04149701837,5272.53327313369,5561.91680366064,73.9227032099695,82.4505494505492,0.00699595606023506,23223.906,2022.84503235653,176.907813186813,111.801447496947,131.003857142857
